app_id,app_name,category,description
app_001,Iron Dock 8,Food & Drink,Secure collaborate smart simplify invest plan secure offline automate.
app_002,Iron Studio,Travel,Archive connect manage calibrate manage guide encrypt securely restore.
app_003,Nimbus Studio 6,Security,Find search sync translate track annotate schedule restore smart blend.
app_004,Echo Note 2,Shopping,Measure smart tag save sync lightweight monitor edit intuitive automate.
app_005,Orbit Pulse,Productivity,Minimal review guide backup tag manage remind sync restore powerful plan collaborate customize. Made for people who move fast.
app_006,Orbit Spark 4,Music,Backup connect syncing adaptive plan compare. Guide review boost. Privacy-first by design.
app_007,Echo Atlas,Travel,Local streamline recommend enhance recommend archive monitor. Simplify syncing track save connect save local share invest blend invest discover sync automate. Sync measure optimize explore backup collaborate capture. Simplify train securely share enhance boost automate streamline powerful track simplify organize intuitive convert compare. Save restore schedule translate streamline cloud boost simplify explore compose filter automate. Sync recommend feature-rich explore enhance customize fast. Collaborate archive lightweight annotate fast invest minimal. Customize schedule train offline syncing tag discover monitor train. Capture guide compare save schedule visualize lightweight review map offline mix sync backup backup map minimal schedule schedule. Convert translate share automate collaborate train review automate enhance mix discover. Plan invest explore find feature-rich manage tag intuitive collaborate manage local. Made for people who move fast.
app_008,Crimson Wallet,Shopping,Smart offline notify archive secure find secure calibrate. Feature-rich.
app_009,Silent Wallet,Security,Customize track simplify explore boost manage track adaptive scan.
app_010,Radiant Drive,Lifestyle,Automate notify powerful fast simplify translate compose connect offline.
app_011,Iron Atlas,Travel,Edit restore monitor remind archive restore minimal find manage.
app_012,Swift Studio,Finance,Powerful calibrate feature-rich guide intuitive map restore balance encrypt. Made for people who move fast.
app_013,Sage Beacon,Travel,Intuitive blend organize tag monitor recommend compare monitor sync.
app_014,Orbit Drive,Food & Drink,Customize connect cloud simplify blend compose securely compose. Adaptive monitor robust customize customize notify calibrate tag discover. Minimal encrypt fast connect local lightweight. Manage review connect robust recommend capture local. Visualize boost search sync intuitive simplify sync find syncing securely. Intuitive minimal smart minimal local optimize scan local annotate organize search streamline simplify find syncing adaptive save securely. Cloud smart syncing optimize backup local compare syncing robust explore visualize streamline automate. Archive explore robust notify cloud measure minimal discover compare archive capture remind capture. Measure adaptive translate share search mix syncing boost connect schedule invest powerful. Encrypt. Loved by creators.
app_015,Zen Pulse 9,Utilities,Guide smart visualize convert edit sync measure monitor manage.
app_016,Swift Drive,Travel,Review syncing syncing local smart optimize calibrate syncing restore.
app_017,Iron Dock,Security,Scan schedule compare discover collaborate minimal recommend minimal secure.
app_018,Sage Hub,Photography,Adaptive train blend intuitive remind restore invest local recommend.
app_019,Apex Pulse,Education,Organize boost invest monitor monitor robust invest. Encrypt customize.
app_020,Quantum Bridge,Shopping,Adaptive train train annotate smart customize monitor encrypt train train.
app_021,Apex Trace 5,Productivity,Notify manage compare securely local optimize lightweight find optimize boost cloud schedule simplify capture boost boost minimal minimal. Remind recommend convert track boost mix offline securely share intuitive compose plan recommend syncing balance. Monitor guide visualize explore streamline balance invest cloud track archive search. Collaborate find convert streamline archive mix. Discover fast filter mix restore save automate explore schedule notify adaptive collaborate save securely securely visualize compare. Guide intuitive find customize balance find backup restore simplify optimize adaptive fast mix offline simplify calibrate. Organize review manage discover mix powerful lightweight share remind. Powerful notify cloud powerful sync share adaptive boost manage scan robust. Notify powerful find schedule balance scan recommend guide annotate notify guide collaborate filter syncing find. Collaborate visualize syncing schedule.
app_022,Peak Forge,Games,Explore local monitor manage recommend cloud mix securely calibrate.
app_023,Zen Pulse,Utilities,Simplify annotate edit collaborate recommend local encrypt. Invest blend.
app_024,Radiant Compass,Productivity,Remind explore measure archive sync encrypt tag. Robust remind.
app_025,Radiant Beacon,Utilities,Train fast filter blend manage edit review invest blend remind.
app_026,Bright Lens,Travel,Cloud compare restore recommend adaptive notify organize backup mix. Built for teams.
app_027,Silent Atlas 8,Photography,Cloud encrypt track measure plan feature-rich sync invest robust. Loved by creators.
app_028,Apex Pulse,Lifestyle,Secure plan securely optimize search secure discover intuitive track filter syncing tag manage streamline compare invest blend. Search explore local review powerful sync cloud mix track train securely. Calibrate collaborate optimize share compose offline tag annotate invest fast secure monitor plan lightweight customize track archive restore. Sync cloud enhance fast capture save recommend map measure schedule schedule restore archive. Archive fast compare organize discover syncing measure optimize mix sync. Balance backup minimal simplify encrypt enhance monitor train feature-rich automate plan feature-rich. Offline feature-rich customize local sync annotate connect encrypt automate edit syncing automate enhance. Sync compare smart manage edit plan restore minimal adaptive. Explore schedule.
app_029,Nova Studio,Social,Enhance invest restore securely capture translate scan schedule remind.
app_030,Lumen Drive 5,Shopping,Translate review lightweight visualize calibrate annotate notify adaptive lightweight. Privacy-first by design.
app_031,Peak Drive,Photography,Tag compare securely secure map automate boost backup. Organize.
app_032,Blue Bridge,Utilities,Securely edit search monitor secure convert blend securely securely. Built for teams.
app_033,Silent Beacon,Health & Fitness,Robust adaptive automate encrypt discover secure organize plan enhance.
app_034,Apex Studio,Food & Drink,Minimal optimize encrypt compose explore blend backup encrypt guide.
app_035,Bright Flow,Health & Fitness,Feature-rich streamline convert calibrate scan manage discover robust. Explore backup optimize explore plan filter. Map measure remind translate mix organize optimize search convert schedule invest offline minimal visualize organize connect simplify. Simplify robust syncing archive capture notify archive manage optimize archive measure monitor customize track schedule visualize robust. Automate encrypt save guide schedule customize compose capture organize calibrate local intuitive automate optimize. Find filter customize optimize tag archive edit. Backup notify calibrate minimal secure secure cloud. Capture review connect remind customize intuitive local local enhance. Compose backup find local convert collaborate collaborate schedule. Smart schedule powerful connect manage smart scan customize.
app_036,Radiant Trace,Lifestyle,Measure annotate explore backup share invest invest edit compose.
app_037,Orbit Pulse,Health & Fitness,Share feature-rich find optimize compare measure. Remind optimize blend.
app_038,Lumen Forge,Productivity,Remind train review customize lightweight convert manage robust feature-rich.
app_039,Echo Forge,Finance,Guide sync capture save blend intuitive offline save smart.
app_040,Nova Planner,Utilities,Organize encrypt blend intuitive notify track measure boost syncing scan recommend. Works offline.
app_041,Orbit Bridge 4,Navigation,Monitor review backup train train capture measure. Securely boost.
app_042,Bright Wallet,Utilities,Backup encrypt smart smart convert discover encrypt train smart blend. Compose backup measure notify measure translate enhance. Robust streamline compose calibrate monitor connect invest save enhance blend manage monitor train map explore simplify. Local invest monitor intuitive backup balance syncing plan adaptive. Backup cloud offline boost edit restore search track compare capture convert fast edit schedule local fast calibrate edit. Find manage share optimize train feature-rich streamline schedule mix enhance remind customize train save remind. Customize lightweight schedule organize minimal offline compose discover capture search convert scan. Lightweight.
app_043,Velvet Studio 5,Music,Simplify mix train compose streamline secure. Search adaptive cloud.
app_044,Swift Pulse 4,Games,Powerful train explore invest collaborate map archive save review.
app_045,Bright Beacon 2,Security,Blend measure robust restore syncing syncing filter mix visualize.
app_046,Peak Note,Travel,Intuitive secure invest balance backup track scan sync cloud.
app_047,Zen Compass,Utilities,Filter edit restore mix balance save compose lightweight cloud restore.
app_048,Velvet Atlas,Education,Measure invest search collaborate edit organize filter scan calibrate compose. Privacy-first by design.
app_049,Velvet Garden,Shopping,Powerful schedule guide tag save customize plan customize explore encrypt share minimal powerful calibrate map lightweight securely save. Mix intuitive compare mix invest guide. Smart measure connect backup collaborate guide. Intuitive fast explore encrypt backup collaborate robust find translate search securely track manage securely. Translate collaborate encrypt encrypt powerful scan enhance securely securely smart customize. Compose track offline compare explore share backup fast discover securely train calibrate. Organize tag connect invest automate optimize smart guide discover robust boost edit. Securely fast monitor save sync enhance blend convert monitor share simplify schedule connect find customize lightweight secure connect. Securely connect train blend manage guide compose convert tag fast recommend compare connect compose boost enhance. Organize annotate recommend local scan connect optimize offline calibrate notify fast. Boost powerful capture visualize map cloud connect secure review streamline tag edit track.
app_050,Echo Drive,Social,Securely remind convert schedule powerful measure share mix edit.
